<?xml version="1.0" encoding="UTF-8"?>
<configuration debug="true" scan="true" scanPeriod="60 seconds">
 <property name="LOGS" value="./logs" />
 <property name="LOG_PATTERN" value="%d [%thread] %-5level %logger{100} - %msg%n" />
 <appender name="consoleAppender" class="ch.qos.logback.core.ConsoleAppender">
  <layout class="ch.qos.logback.classic.PatternLayout">
   <Pattern>${LOG_PATTERN}</Pattern>
  </layout>
 </appender>
 <appender name="fileAppender" class="ch.qos.logback.classic.sift.SiftingAppender">
  <!-- This is MDC value -->
  <!-- We will assign a value to 'logFileName' via Java code -->
  <discriminator>
   <key>logFileName</key>
   <defaultValue>vehiclemgmt</defaultValue>
  </discriminator>
  <sift>
   <!-- A standard RollingFileAppender, the log file is based on 'logFileName' at runtime -->
   <appender name="FILE-${logFileName}" class="ch.qos.logback.core.rolling.RollingFileAppender">
    <file>${LOGS}/${logFileName}.log</file>
    <encoder class="ch.qos.logback.classic.encoder.PatternLayoutEncoder">
     <Pattern>${LOG_PATTERN}</Pattern>
    </encoder>
    <rollingPolicy class="ch.qos.logback.core.rolling.FixedWindowRollingPolicy">
     <FileNamePattern>${LOGS}/archived/${logFileName}.%i.log.zip</FileNamePattern>
     <MaxIndex>20</MaxIndex>
    </rollingPolicy>
    <triggeringPolicy class="ch.qos.logback.core.rolling.SizeBasedTriggeringPolicy">
     <MaxFileSize>5MB</MaxFileSize>
    </triggeringPolicy>
   </appender>
  </sift>
 </appender>
 <!-- LOG everything at INFO level -->
 <root level="info">
  <appender-ref ref="consoleAppender" />
  <appender-ref ref="fileAppender" />
 </root>
 <logger name="com.app.vehicle" level="info" additivity="false">
  <appender-ref ref="consoleAppender" />
  <appender-ref ref="fileAppender" />
 </logger>
</configuration>